date,week,stationName,Address,City,State,Charger type,stationModel,date_became_unreachable,hours_unreachable,currently_unreachable
2026-07-22,2026-W30,NYC FLEET / DPRBXFORST#3A-B,1 Bronx River Pkwy,Bronx,New York,Level 2,CT4020-HD-GW,,0.0,False
2026-07-22,2026-W30,NYC FLEET / DPRBXFORST#2A-B,1 Bronx River Pkwy,Bronx,New York,Level 2,CT4020-HD-GW,2026-07-20,37.9,True
2026-07-22,2026-W30,NYC FLEET / DPRLITCHFLD3A-B,95 Prospect Park West,Brooklyn,New York,Level 2,CT4020-HD-GW,2026-07-21,17.4,True
2026-07-22,2026-W30,NYC FLEET / DCAS_1CENTRE-S1,1 Centre St,New York,New York,Level 2,CT4010-HD-GW,2026-05-27,1339.4,True
2026-07-22,2026-W30,NYC FLEET / NYPD_ARCHERGN-1,92-33 168th St,Queens,New York,Level 2,CT4010-HD-GW,,0.0,False
2026-07-22,2026-W30,NYC FLEET / NYPD_ARCHERGN-2,92-33 168th St,Queens,New York,Level 2,CT4010-HD-GW,2024-12-13,14060.9,True
2026-07-22,2026-W30,NYC FLEET / DPRBXFORST#4A-B,1 Bronx River Pkwy,Bronx,New York,Level 2,CT4020-HD-GW,2026-07-22,5.3,True
2026-07-22,2026-W30,NYC FLEET / DSNY_SPRSTLOT-2,353 Spring Street,New York,New York,Level 2,CT4020-HD,,0.0,False
2026-07-22,2026-W30,NYC FLEET / DEP_LFRK_76+77,9605 Horace Harding Expy,Queens,New York,Level 2,CT4020-HD-GW,,0.0,False
2026-07-22,2026-W30,NYC FLEET / DHS_BKLMNR-1,300 Skillman Ave,Brooklyn,New York,Level 2,CT4020-HD2-GW-LTE,2026-07-22,5.4,True
2026-07-22,2026-W30,NYC FLEET / DSNY_SPRSTLOT-1,353 Spring Street,New York,New York,Level 2,CT4020-HD-GW,,0.0,False
2026-07-22,2026-W30,NYC FLEET / DOE_K0001,50 Bedford Ave,Brooklyn,New York,Level 2,CT600-GW1-RFID,2022-02-27,38544.2,True
2026-07-22,2026-W30,NYC FLEET / DOE_ Q0002,165-65 84th Ave,Queens,New York,Level 2,CT600-GW1-RFID,2018-12-04,66879.0,True
2026-07-22,2026-W30,NYC FLEET / DOE_ Q0001,165-65 84th Ave,Queens,New York,Level 2,CT600-GW1-RFID,2022-03-02,38477.2,True
2026-07-22,2026-W30,NYC FLEET / DOE_ R0001,6581 Hylan Blvd,Staten Island,New York,Level 2,CT600-GW1-RFID,2019-03-07,64646.2,True
2026-07-22,2026-W30,NYC FLEET / OEMHQCADMAN-10,165 Cadman Plaza E,Brooklyn,New York,Level 2,CT600-GW1-RFID,2022-03-02,38474.5,True
2026-07-22,2026-W30,NYC FLEET / DOH_56 DRIVE,5617 56th Dr,queens,New York,Level 2,CT600-GW1-RFID,2022-03-02,38476.6,True
2026-07-22,2026-W30,NYC FLEET / DOT_SPARE-4,42 South St,New York,New York,Level 2,CPF50,2025-10-17,6671.3,True
2026-07-22,2026-W30,NYC FLEET / DPRRANAQUA#4,1 Bronx River Pkwy,Bronx,New York,Level 2,CT4020-HD-GW,,0.0,False
2026-07-22,2026-W30,NYC FLEET / NYPD_COLLPTTOW3,31-22 College Point Blvd,Flushing,New York,Level 2,CT4010-HD-GW,2026-07-21,10.7,True
2026-07-22,2026-W30,NYC FLEET / DOE_M466,549 Audubon Ave,New York,New York,Level 2,CPF50-L23,2026-06-19,777.8,True
2026-07-22,2026-W30,NYC FLEET / DOT_SPARE-1,32 Old Slip,New York,New York,Level 2,CPF25,2025-10-17,6667.6,True
2026-07-22,2026-W30,NYC FLEET / DOT_SPARE-2,32 Old Slip,New York,New York,Level 2,CPF25,2025-10-17,6667.6,True
2026-07-22,2026-W30,NYC FLEET / DOT_SPARE-3,42 South St,New York,New York,Level 2,CPF25,2025-10-17,6667.6,True
2026-07-22,2026-W30,NYC FLEET / DPR_QBSTWTRAIL1,1001 Queens Plaza S,LIC,New York,Level 2,CT4020-HD-GW,2026-07-21,22.3,True
2026-07-22,2026-W30,NYC FLEET / DSNY_RBS-2,1000 W. Service RD,Staten Island,New York,Level 2,CT4020-HD-GW,2026-07-22,6.0,True
2026-07-22,2026-W30,NYC FLEET / DSNY_BK12-S1,5602 19th Ave,Mapleton,New York,Level 2,CT4010-HD-GW,2026-03-21,2958.4,True
2026-07-22,2026-W30,NYC FLEET / DOC_HAZEN16,29 Hazen St,New York,New York,Level 2,CT4020-HD-GW,,0.0,False
2026-07-22,2026-W30,NYC FLEET / DSNY_BK12-S2,5602 19th Ave,Mapleton,New York,Level 2,CT4010-HD-GW,2025-06-20,9536.1,True
2026-07-22,2026-W30,NYC FLEET / DSNY_BK10-2,5100 1st Ave,Brooklyn,New York,Level 2,CT4020-HD-GW,,0.0,False
2026-07-22,2026-W30,NYC FLEET / DPRSOUNDVIEW_#1,1550 Lafayette Ave,Clason Point,New York,Level 2,CPF50-L18,2026-02-24,3554.6,True
2026-07-22,2026-W30,NYC FLEET / DSNY_FBF-S3,50 Aviation Rd,Brooklyn,New York,Level 2,CT4010-HD-GW,2026-07-21,9.4,True
2026-07-22,2026-W30,NYC FLEET / DEP_SIREPAIR-S1,182 Joline Ave,Tottenville,New York,Level 2,CT4010-HD-GW,2026-07-21,9.5,True
2026-07-22,2026-W30,NYC FLEET / HRA_FOSTER-S1,10300 Foster Avenue,Brooklyn,New York,Level 2,CT4010-HD-GW,2025-09-07,7625.6,True
2026-07-22,2026-W30,NYC FLEET / DSNY_SI3A-S3,1000 West Service Road,Staten Island,New York,Level 2,CT4010-HD-GW,2025-08-12,8258.2,True
2026-07-22,2026-W30,NYC FLEET / NYPD_HIGHWAY2-1,2900 Flatbush Ave,Brooklyn,New York,Level 2,CPF50-L18,,0.0,False
2026-07-22,2026-W30,NYC FLEET / NYPD_HIGHWAY2-2,2900 Flatbush Ave,Brooklyn,New York,Level 2,CPF50-L18,,0.0,False
2026-07-22,2026-W30,NYC FLEET / DEPQUEENSREP-S2,106-36 180th St,Queens,New York,Level 2,CT4010-HD-GW,2026-07-21,16.1,True
2026-07-22,2026-W30,NYC FLEET / NYPD_34PCT-2,4301 US-9,New York,New York,Level 2,CPF50-L18,2026-07-21,19.7,True
2026-07-22,2026-W30,NYC FLEET / DPR_GLDITRPK-S1,40 W 143rd St,New York,New York,Level 2,CT4010-HD-GW,2025-12-16,5236.2,True
2026-07-22,2026-W30,NYC FLEET / DSNY_FBF-S1,50 Aviation Rd,Brooklyn,New York,Level 2,CT4010-HD-GW,2025-12-26,4999.0,True
2026-07-22,2026-W30,NYC FLEET / DSNY_BK11-S3,1824 Shore Pkwy,Brooklyn,New York,Level 2,CT4010-HD-GW,2025-12-07,5454.1,True
2026-07-22,2026-W30,NYC FLEET / DPR_CNRSIEPK-S1,1501 E 102nd St,Brooklyn,New York,Level 2,CT4010-HD-GW,2026-07-21,25.1,True
2026-07-22,2026-W30,NYC FLEET / DSNY_BK11-S2,1824 Shore Pkwy,Brooklyn,New York,Level 2,CT4010-HD-GW,2025-09-05,7673.6,True
2026-07-22,2026-W30,NYC FLEET / DOB_QBH-S1,120-55 Queens Blvd Side lot 82nd Ave,Queens,New York,Level 2,CT4010-HD-GW,2026-07-21,9.2,True
2026-07-22,2026-W30,NYC FLEET / DSNY_BK11-S4,1824 Shore Pkwy,Brooklyn,New York,Level 2,CT4010-HD-GW,2026-01-25,4259.1,True
2026-07-22,2026-W30,NYC FLEET / DSNY_BK11-S1,1824 Shore Pkwy,Brooklyn,New York,Level 2,CT4010-HD-GW,2025-08-12,8242.0,True
2026-07-22,2026-W30,NYC FLEET / DSNY_SITS-S1,600 West Service Road,Travis - Chelsea,New York,Level 2,CT4010-HD2-GW-LTE,2025-07-25,8681.5,True
2026-07-22,2026-W30,NYC FLEET / DPRCUNINGHM-S3,Fresh Meadows Cunningham parking lot,Queens,New York,Level 2,CT4010-HD-GW,2026-01-27,4226.4,True
2026-07-22,2026-W30,NYC FLEET / DPRWFMARINA-S2,1 Marina Rd,Queens,New York,Level 2,CT4010-HD2-GW-LTE,2025-12-10,5365.7,True
2026-07-22,2026-W30,NYC FLEET / DEP_TALLMAN-1,182 Powells Cove Blvd,Queens,New York,Level 2,CT4025-HD-GW,,0.0,False
2026-07-22,2026-W30,NYC FLEET / DPR_SISHOPS3&4,25 Slosson Ave,Staten Island,New York,Level 2,CT4020-HD2-GW-LTE,,0.0,False
2026-07-22,2026-W30,NYC FLEET / DOTSIDUBOIS,5 Dubois Ave,Staten Island,New York,Level 2,CT4010-HD-GW,,0.0,False
2026-07-22,2026-W30,NYC FLEET / DOC_GRVC-1,09-09 Hazen Street,The Bronx,New York,Level 2,CT4020-HD-GW,,0.0,False
2026-07-22,2026-W30,NYC FLEET / DOE_M104,344-360 2nd Ave,New York,New York,Level 2,CT4020-HD2-GW-LTE,2026-07-22,0.9,True
2026-07-22,2026-W30,NYC FLEET / DPR_CWSSHOPS#4,860 E 138th St,The Bronx,New York,Level 2,CT4020-HD2-GW-LTE,,0.0,False
2026-07-22,2026-W30,NYC FLEET / NYPD_25PCT-2,120 E 119th St,New York,New York,Level 2,CPF50-L18,2025-12-16,5226.9,True
2026-07-22,2026-W30,NYC FLEET / NYPD_BMS-3,59-06 Brooklyn Queens Expy,Queens,New York,Level 2,CPF50-L18,2026-07-02,472.3,True
2026-07-22,2026-W30,NYC FLEET / DEP_NEWTOWN CRE,329 Greenpoint Ave,Brooklyn,New York,Level 2,CT4020-HD-GW,,0.0,False
2026-07-22,2026-W30,NYC FLEET / DEP_WT_PAEDERGA,1887 Ralph Ave,Brooklyn,New York,Level 2,CT4020-HD-GW,,0.0,False
2026-07-22,2026-W30,NYC FLEET / DEP_ CONEY ISLA,2501 Knapp St,Brooklyn,New York,Level 2,CT4020-HD-GW,2026-07-17,114.3,True
2026-07-22,2026-W30,NYC FLEET / DEP_WDRC#1,3525 State Highway 10,Deposit,New York,Level 2,CT4020-HD2-GW-LTE,2026-07-09,306.7,True
2026-07-22,2026-W30,NYC FLEET / DPR_WPP-S1,161 Chester Ave,Staten Island,New York,Level 2,CT4010-HD-GW,2025-12-17,5214.0,True
2026-07-22,2026-W30,NYC FLEET / DEP_SIREPAIR-S2,182 Joline Ave,Staten Island,New York,Level 2,CT4010-HD-GW,2025-12-11,5338.6,True
2026-07-22,2026-W30,NYC FLEET / DPR_VCP-S5,David Sheridan Plaza,The Bronx,New York,Level 2,CT4010-HD-GW,2026-07-21,14.0,True
2026-07-22,2026-W30,NYC FLEET / DEP_7WARDSI-S2,117 K Rd,New York,New York,Level 2,CT4010-HD-GW,2026-07-21,8.6,True
2026-07-22,2026-W30,NYC FLEET / DDC_HQ-S1,3030 Thomson Ave,Queens,New York,Level 2,CT4010-HD-GW,2026-07-20,34.5,True
2026-07-22,2026-W30,NYC FLEET / DOT_PIER36-S1,299 South St,New York,New York,Level 2,CT4010-HD-GW,2026-01-27,4227.4,True
2026-07-22,2026-W30,NYC FLEET / DSNY_BK13_S1,2012 Neptune Ave,Brooklyn,New York,Level 2,CT4010-HD-GW,,0.0,False
2026-07-22,2026-W30,NYC FLEET / DDC_HQ-S2,3030 Thomson Ave,Queens,New York,Level 2,CT4010-HD-GW,,0.0,False
2026-07-22,2026-W30,NYC FLEET / DEP_BKWATER-S1,22 N 15th St,Brooklyn,New York,Level 2,CT4010-HD-GW,2026-07-21,9.4,True
2026-07-22,2026-W30,NYC FLEET / DPR_VCP-S4,David Sheridan Plaza,The Bronx,New York,Level 2,CT4010-HD-GW,2025-09-07,7636.4,True
2026-07-22,2026-W30,NYC FLEET / DPR_VCP-S3,6477 US-9,The Bronx,New York,Level 2,CT4010-HD-GW,2025-09-18,7362.4,True
2026-07-22,2026-W30,NYC FLEET / DSNY_SI1A-S2,3 Muldoon Ave,Staten Island,New York,Level 2,CT4010-HD-GW,2025-09-16,7408.8,True
2026-07-22,2026-W30,NYC FLEET / DSNY_SWM-S2,3 Muldoon Ave,Staten Island,New York,Level 2,CT4010-HD-GW,2025-06-11,9740.8,True
2026-07-22,2026-W30,NYC FLEET / DSNY_SWM-S1,3 Muldoon Ave,Staten Island,New York,Level 2,CT4010-HD-GW,2025-01-21,13125.7,True
2026-07-22,2026-W30,NYC FLEET / DSNY_SI3A-S2,3 Muldoon Ave,Staten Island,New York,Level 2,CT4010-HD-GW,2026-03-09,3226.2,True
2026-07-22,2026-W30,NYC FLEET / DSNY_SI1A-S1,3 Muldoon Ave,Staten Island,New York,Level 2,CT4010-HD-GW,2025-12-17,5213.6,True
2026-07-22,2026-W30,NYC FLEET / DSNY_SI3A-S1,3 Muldoon Ave,Staten Island,New York,Level 2,CT4010-HD-GW,2025-10-16,6682.1,True
2026-07-22,2026-W30,NYC FLEET / DEP_BXWM-S1,3201 Jerome Ave,The Bronx,New York,Level 2,CT4010-HD-GW,2025-09-15,7431.1,True
2026-07-22,2026-W30,NYC FLEET / NYPD_FBF-S1,3260 Flatbush Ave,Brooklyn,New York,Level 2,CT4010-HD-GW,2026-01-16,4474.9,True
2026-07-22,2026-W30,NYC FLEET / NYCHA_RAVENS-S1,35-35 21st St,Queens,New York,Level 2,CT4010-HD-GW,2025-11-27,5689.1,True
2026-07-22,2026-W30,NYC FLEET / NYCHA_CYPRHL-S1,1260 Sutter Ave,Brooklyn,New York,Level 2,CT4010-HD-GW,2026-01-26,4244.9,True
2026-07-22,2026-W30,NYC FLEET / DEP_BEERSTNPCT,21852 NY-10,Walton,New York,Level 2,CT4020-HD-GW,2026-07-20,32.7,True
2026-07-22,2026-W30,NYC FLEET / DOC_OBCC1,16-00 Hazen Street,The Bronx,New York,Level 2,CT4020-HD-GW,,0.0,False
2026-07-22,2026-W30,NYC FLEET / DOT_COLUMB-1,166 Columbia St,Brooklyn,New York,Level 2,CPF50-L18,2026-07-22,1.8,True
2026-07-22,2026-W30,NYC FLEET / DOT_COLUMB-2,184 Columbia St,Brooklyn,New York,Level 2,CPF50-L18,2026-07-22,1.8,True
2026-07-22,2026-W30,NYC FLEET / DOE_BXSCIHS-1,750 Baychester Ave Loading dock,The Bronx,New York,Level 2,CPF50,2023-12-29,22458.9,True
2026-07-22,2026-W30,NYC FLEET / DOC_HAZENLOT4,15 Hazen St,The Bronx,New York,Level 2,CT4010-HD2-GW-LTE,2026-03-17,3036.6,True
2026-07-22,2026-W30,NYC FLEET / DPRROCKAWAY80S1,350 80 St,Queens,New York,Level 2,CT4010-HD2-GW-LTE,2025-09-13,7492.3,True
2026-07-22,2026-W30,NYC FLEET / DPRROCKAWAY80S2,350 80 St,Queens,New York,Level 2,CT4010-HD-GW,2025-12-04,5506.5,True
2026-07-22,2026-W30,NYC FLEET / DPR_OVERLOOK-S1,80-30 Park Ln,Queens,New York,Level 2,CT4010-HD-GW,2025-12-04,5507.2,True
2026-07-22,2026-W30,NYC FLEET / DPR_OVERLOOK-S2,80-30 Park Ln,Queens,New York,Level 2,CT4010-HD-GW,2025-12-12,5313.7,True
2026-07-22,2026-W30,NYC FLEET / DPRRIVERSIDE-S3,223 Riverside Dr,New York,New York,Level 2,CT4010-HD-GW,2024-12-12,14094.6,True
2026-07-22,2026-W30,NYC FLEET / DPRRIVERSIDE-S4,223 Riverside Dr,New York,New York,Level 2,CT4010-HD-GW,2026-07-21,8.6,True
2026-07-22,2026-W30,NYC FLEET / DPRINWOODHLL-S1,600 W 218th St,New York,New York,Level 2,CT4010-HD-GW,2025-12-15,5242.9,True
2026-07-22,2026-W30,NYC FLEET / DPRINWOODHLL-S2,600 W 218th St,New York,New York,Level 2,CT4010-HD-GW,2026-07-21,8.6,True
2026-07-22,2026-W30,NYC FLEET / DPR_BUSHWICK-S1,29 N 10th St,Brooklyn,New York,Level 2,CT4010-HD-GW,2026-01-29,4165.6,True
2026-07-22,2026-W30,NYC FLEET / DPRTENISCNTR-S1,1-00 Meridian Rd,Queens,New York,Level 2,CT4010-HD-GW,2025-12-22,5079.5,True
2026-07-22,2026-W30,NYC FLEET / DPR_MILLPOND-S1,5968 Maj Wm Deegan Blvd,The Bronx,New York,Level 2,CT4010-HD-GW,2025-12-05,5499.4,True
2026-07-22,2026-W30,NYC FLEET / DPR_DYKERBEA-S1,1121 86th St,Brooklyn,New York,Level 2,CT4010-HD2-GW-LTE,2025-12-05,5483.8,True
2026-07-22,2026-W30,NYC FLEET / DPR_MIDLAND-S4,3 Iroquois St,Staten Island,New York,Level 2,CT4010-HD-GW,2026-01-29,4165.5,True
2026-07-22,2026-W30,NYC FLEET / NYPD_FBF-S2,50 Aviation Rd,Brooklyn,New York,Level 2,CT4010-HD2-GW-LTE,2025-12-11,5342.0,True
2026-07-22,2026-W30,NYC FLEET / DOT_GLENDALE-S1,69-46 Sybilla St,Queens,New York,Level 2,CT4010-HD-GW,2026-07-21,9.1,True
2026-07-22,2026-W30,NYC FLEET / DOT_GLENDALE-S2,69-46 Sybilla St,Queens,New York,Level 2,CT4010-HD-GW,2025-10-30,6350.1,True
2026-07-22,2026-W30,NYC FLEET / DPRROCKAWAY97S1,1 Beach 56th Pl,Queens,New York,Level 2,CT4010-HD-GW,2026-06-09,1029.2,True
2026-07-22,2026-W30,NYC FLEET / DEP_SHAFT18-4,20 Westlake Dr,Valhalla,New York,Level 2,CT4020-HD-GW,,0.0,False
2026-07-22,2026-W30,NYC FLEET / DEP_SHAFT10-2,1286 US-6,Carmel Hamlet,New York,Level 2,CT4020-HD-GW,,0.0,False
2026-07-22,2026-W30,NYC FLEET / DOT_BAT-#1,140 58th St,Brooklyn,New York,Level 2,CPF50-L18,2025-07-08,9085.2,True
2026-07-22,2026-W30,NYC FLEET / NYPD_123PCT-#1,116 Main St,Staten Island,New York,Level 2,CPF50-L18,2026-03-10,3202.7,True
2026-07-22,2026-W30,NYC FLEET / DOE_KNGHWY197#1,1599 E 22nd St,Brooklyn,New York,Level 2,CPF50-L18,2025-09-29,7097.2,True
2026-07-22,2026-W30,NYC FLEET / NYCHA_LEX-S1,1774 3rd Ave,New York,New York,Level 2,CT4010-HD2-GW-LTE,2025-12-07,5452.4,True
2026-07-22,2026-W30,NYC FLEET / FDNY_FTOTTEN#2,402 Murray Ave,Queens,New York,Level 2,CPF50-L18,,0.0,False
2026-07-22,2026-W30,NYC FLEET / DOE_M646,321 E 96th St,New York,New York,Level 2,CT600-GW1-RFID,2022-03-02,38475.0,True
2026-07-22,2026-W30,NYC FLEET / DHS_COMM#27,64 Sunken Garden Loop,New York,New York,Level 2,CT600-GW1-RFID,2022-03-02,38474.8,True
2026-07-22,2026-W30,NYC FLEET / OEMHQCADMAN-12,165 Cadman Plaza E,Brooklyn,New York,Level 2,CT600-GW1-RFID,2022-03-02,38474.9,True
2026-07-22,2026-W30,NYC FLEET / DEPNTWNOFFICE-7,329 Greenpoint Avenue,Brooklyn,New York,Level 2,CT4020-HD-GW,,0.0,False
2026-07-22,2026-W30,NYC FLEET / DOT_STHSE_LD-1,6626 Metropolitan Ave,Queens,New York,Level 2,CT4020-HD2-GW-LTE,,0.0,False
2026-07-22,2026-W30,NYC FLEET / DOT_STHSE_LD-2,6626 Metropolitan Ave,Queens,New York,Level 2,CT4020-HD2-GW-LTE,,0.0,False
2026-07-22,2026-W30,NYC FLEET / NYCHA 23ASH2A B,23 Ash St,Greenpoint,New York,Level 2,CT4020-HD,2025-10-20,6598.0,True
2026-07-22,2026-W30,NYC FLEET / NYCHA 23ASH3A B,23 Ash St,Greenpoint,New York,Level 2,CT4020-HD,2025-10-20,6598.0,True
2026-07-22,2026-W30,NYC FLEET / DPROLMBRADDICK2,117 Roosevelt Avenue,Queens,New York,Level 2,CT4020-HD2-GW-LTE,2026-07-07,351.4,True
2026-07-22,2026-W30,NYC FLEET / DPR_JUNIPER1,62- 45 71st Street,Queens,New York,Level 2,CT4020-HD2-GW-LTE,2026-07-22,8.1,True
2026-07-22,2026-W30,NYC FLEET / DPR_ORCHDBCHQ-2,2 Orchard Beach Road,The Bronx,New York,Level 2,CT4020-HD2-GW-LTE,,0.0,False
2026-07-22,2026-W30,NYC FLEET / DPR_ORCHDBCHQ-4,2 Orchard Beach Road,The Bronx,New York,Level 2,CT4020-HD2-GW-LTE,,0.0,False
2026-07-22,2026-W30,NYC FLEET / DPR_ORCHDBCHQ-5,2 Orchard Beach Road,The Bronx,New York,Level 2,CT4020-HD2-GW-LTE,2026-07-22,0.7,True
2026-07-22,2026-W30,NYC FLEET / DPR_ORCHDBCHQ-6,2 Orchard Beach Road,The Bronx,New York,Level 2,CT4020-HD2-GW-LTE,2026-07-22,6.9,True
2026-07-22,2026-W30,NYC FLEET / DPRHIGHWAYP2-S3,2900 Flatbush Ave,Brooklyn,New York,Level 2,CT4010-HD-GW,,0.0,False
2026-07-22,2026-W30,NYC FLEET / DPRHIGHWAYP2-S1,2900 Flatbush Ave,Brooklyn,New York,Level 2,CT4010-HD-GW,,0.0,False
2026-07-22,2026-W30,NYC FLEET / FDNY_BFIBK#2,5600 1st Avenue FDNY,Brooklyn,New York,Level 2,CPF50-L18,,0.0,False
2026-07-22,2026-W30,NYC FLEET / DPRHIGHWAYP2-S2,2900 Flatbush Ave,Brooklyn,New York,Level 2,CT4010-HD-GW,2026-07-21,13.1,True
2026-07-22,2026-W30,NYC FLEET / DPRCUNINGHM-S6,196-00 Union Tpke,Queens,New York,Level 2,CT4010-HD-GW,2026-07-21,9.9,True
2026-07-22,2026-W30,NYC FLEET / DPRROCKAWAY30B,1-09 Beach 30th St,Queens,New York,Level 2,CT4010-HD-GW,2026-07-05,402.9,True
2026-07-22,2026-W30,NYC FLEET / DPR_DRYHARBOR#1,80-11 Myrtle Ave Glendale,Queens,New York,Level 2,CT4020-HD2-GW-LTE,2026-06-24,667.3,True
2026-07-22,2026-W30,NYC FLEET / DPRBETSYHEAD-S1,739 Thomas Boland St.,Brooklyn,New York,Level 2,CT4010-HD-GW,2026-07-21,27.6,True
2026-07-22,2026-W30,NYC FLEET / DPRCUNINGHM3A-B,19600 Union Tpke,Fresh Meadows,New York,Level 2,CT4020-HD-GW,2023-10-10,24375.7,True
2026-07-22,2026-W30,NYC FLEET / DPRSIFRSTRY#5#6,21-51 Slosson Ave,Castleton Corners,New York,Level 2,CT4020-HD-GW,,0.0,False
2026-07-22,2026-W30,NYC FLEET / DEP_SIREPAIR-S3,182 Joline Ave,Staten Island,New York,Level 2,CT4010-HD-GW,2026-07-21,9.3,True
2026-07-22,2026-W30,NYC FLEET / DPRTOTTENBLG431,431 Walter Reed Rd,Bayside,New York,Level 2,CT4020-HD-GW,,0.0,False
2026-07-22,2026-W30,NYC FLEET / DPRSBLOT4-S2,405 Father Capodanno Blvd,South Beach,New York,Level 2,CT4010-HD-GW,2022-07-18,35147.9,True
2026-07-22,2026-W30,NYC FLEET / DEP_SIREPAIR-S4,182 Joline Ave,Staten Island,New York,Level 2,CT4010-HD-GW,,0.0,False
2026-07-22,2026-W30,NYC FLEET / DPRFMAQUA-1A-B,125-40 roosevelt ave,Flushing,New York,Level 2,CT4020-HD2-GW-LTE,,0.0,False
2026-07-22,2026-W30,NYC FLEET / DEP_KINGSTON-6,81 Smith Avenue,Kingston,New York,Level 2,CT4020-HD-GW,,0.0,False
2026-07-22,2026-W30,NYC FLEET / DEP_KINGSTON-7,81 Smith Avenue,Kingston,New York,Level 2,CT4020-HD-GW,,0.0,False
2026-07-22,2026-W30,NYC FLEET / DSNY_BK03-1,544 Park Avenue,Brooklyn,New York,Level 2,CT4020-HD-GW,,0.0,False
2026-07-22,2026-W30,NYC FLEET / DSNY_BK03-8,559 Park Avenue,Brooklyn,New York,Level 2,CT4020-HD-GW,,0.0,False
2026-07-22,2026-W30,NYC FLEET / DEP_930ZEREGA_1,930 Zerega Ave,East Bronx,New York,Level 2,CT4020-HD-GW,2024-01-24,21834.6,True
2026-07-22,2026-W30,NYC FLEET / DPROLMSTED#2A-B,117-2 Roosevelt Ave,Corona,New York,Level 2,CT4020-HD-GW,,0.0,False
2026-07-22,2026-W30,NYC FLEET / DPRBROOKLYNBPC,334 Furman St,Brooklyn,New York,Level 2,CT4020-HD-GW,,0.0,False
2026-07-22,2026-W30,NYC FLEET / DPR_GORMANPLY-1,25-50 84th St,Queens,New York,Level 2,CT4020-HD-GW,,0.0,False
2026-07-22,2026-W30,NYC FLEET / DSNY_MN01-1,353 Spring St,New York,New York,Level 2,CT4020-HD-GW,,0.0,False
2026-07-22,2026-W30,NYC FLEET / DSNY_SITS,450 West Service Road,staten island,New York,Level 2,CT4020-HD-GW,2026-07-22,6.2,True
2026-07-22,2026-W30,NYC FLEET / DPROLMSTED#7A-B,117-2 Roosevelt Ave,Corona,New York,Level 2,CT4020-HD-GW,,0.0,False
2026-07-22,2026-W30,NYC FLEET / DPROLMSTED#4A-B,117-2 Roosevelt Ave,Corona,New York,Level 2,CT4020-HD-GW,,0.0,False
2026-07-22,2026-W30,NYC FLEET / DEPNEWTOWNCRK03,319 Greenpoint Ave,Greenpoint,New York,Level 2,CT4020-HD-GW,,0.0,False
2026-07-22,2026-W30,NYC FLEET / DOT_COURTST-S1,688 Court St,Brooklyn,New York,Level 2,CT4010-HD-GW,2026-07-05,407.6,True
2026-07-22,2026-W30,NYC FLEET / DDC_LIC-S2,30-20 Thomson Ave,Long Island City,New York,Level 2,CT4010-HD-GW,2026-06-15,892.4,True
2026-07-22,2026-W30,NYC FLEET / DDC_LIC-S1,30-20 Thomson Ave,LIC,New York,Level 2,CT4010-HD-GW,2026-06-05,1118.0,True
2026-07-22,2026-W30,NYC FLEET / DPROLMSTED#9A-B,6 Olmsted Dr,Corona,New York,Level 2,CT4020-HD-GW,,0.0,False
2026-07-22,2026-W30,NYC FLEET / DPRLYONSPL1A-B,15 Murray Hulbert Ave,Staten Island,New York,Level 2,CT4020-HD-GW,2024-03-22,20439.5,True
2026-07-22,2026-W30,NYC FLEET / DPRFRKILLS1A-B,Unnamed Road,Staten Island,New York,Level 2,CT4020-HD2-GW-LTE,,0.0,False
2026-07-22,2026-W30,NYC FLEET / DPRBROOKFLD1A-B,575 Arthur Kill Rd,Staten Island,New York,Level 2,CT4020-HD-GW,2026-06-23,692.5,True
2026-07-22,2026-W30,NYC FLEET / DPR5BOROBB2A-B,20R Bronx Shore Rd,New York,New York,Level 2,CT4020-HD-GW,,0.0,False
2026-07-22,2026-W30,NYC FLEET / DPRBLUHERON1A-B,222 Poillon Ave,Annadale,New York,Level 2,CT4020-HD-GW,2026-05-30,1270.5,True
2026-07-22,2026-W30,NYC FLEET / DPRBROOKFLD4A-B,575 Arthur Kill Rd,Staten Island,New York,Level 2,CT4020-HD-GW,,0.0,False
2026-07-22,2026-W30,NYC FLEET / DOTQNSBLVD-4,34-2 Queens Blvd,Queens,New York,Level 2,CPF25,2026-04-04,2613.0,True
2026-07-22,2026-W30,NYC FLEET / DEP_WARDSTLR-1,143 A Rd Transportation Trailer,New York,New York,Level 2,CPF25,,0.0,False
2026-07-22,2026-W30,NYC FLEET / DOTQNSBLVD-3,34-2 Queens Blvd,Queens,New York,Level 2,CPF25,2026-04-04,2613.0,True
2026-07-22,2026-W30,NYC FLEET / DOTQNSBLVD-2,34-2 Queens Blvd,Queens,New York,Level 2,CPF25,2026-04-04,2613.0,True
2026-07-22,2026-W30,NYC FLEET / DPRFTTOTTEN2A-B,638 Bayside St BLDG #637,Bayside,New York,Level 2,CT4020-HD-GW,,0.0,False
2026-07-22,2026-W30,NYC FLEET / DPRFTTOTTEN1A-B,638 Bayside St BLDG #637,Bayside,New York,Level 2,CT4020-HD-GW,,0.0,False
2026-07-22,2026-W30,NYC FLEET / DEP_WS465COLU1,465 Columbus Ave,Valhalla,New York,Level 2,CT4020-HD-GW,,0.0,False
2026-07-22,2026-W30,NYC FLEET / DEP_PORTJERVIS,43 N Maple Ave,Port Jervis,New York,Level 2,CT4020-HD-GW,,0.0,False
2026-07-22,2026-W30,NYC FLEET / DEP_CRSSRIVER-2,241 Cross River Rd,Katonah,New York,Level 2,CT4020-HD-GW,,0.0,False
2026-07-22,2026-W30,NYC FLEET / DEP_KINGSTON-3,91 Smith Ave,Kingston,New York,Level 2,CT4020-HD-GW,2026-07-20,32.5,True
2026-07-22,2026-W30,NYC FLEET / DEP_KINGSTON-2,91 Smith Ave,Kingston,New York,Level 2,CT4020-HD-GW,,0.0,False
2026-07-22,2026-W30,NYC FLEET / DEP_HILLVW1A-B,123 Hillview Ave,Yonkers,New York,Level 2,CT4020-HD-GW,,0.0,False
2026-07-22,2026-W30,NYC FLEET / DPRCONFHSE1A-B,298 Satterlee St,Tottenville,New York,Level 2,CT4020-HD2-GW-LTE,2026-05-14,1662.8,True
2026-07-22,2026-W30,NYC FLEET / DOTQNSBLVD-1,34-2 Queens Blvd,Queens,New York,Level 2,CPF25,2026-04-04,2613.0,True
2026-07-22,2026-W30,NYC FLEET / DPRARSENAL#2,East Dr,New York,New York,Level 2,CPF25,2026-07-02,480.9,True
2026-07-22,2026-W30,NYC FLEET / NYPD7PCT-1,19 1/2 Pitt St,New York,New York,Level 2,CT4020-HD-GW,,0.0,False
2026-07-22,2026-W30,NYC FLEET / NYPDFSD-CRS1A-B,53-01 58th St,Flushing,New York,Level 2,CT4020-HD-GW,,0.0,False
2026-07-22,2026-W30,NYC FLEET / NYPD49PCT-1,2121 Eastchestr Rd,East Bronx,New York,Level 2,CT4020-HD-GW,,0.0,False
2026-07-22,2026-W30,NYC FLEET / DPRARSENAL#5,East Dr,New York,New York,Level 2,CPF25,2026-06-24,662.0,True
2026-07-22,2026-W30,NYC FLEET / DPRARSENAL#4,East Dr,New York,New York,Level 2,CPF50-L18,2026-07-18,87.8,True
2026-07-22,2026-W30,NYC FLEET / DPRARSENAL#6,East Dr,New York,New York,Level 2,CPF25,2026-07-01,497.5,True
2026-07-22,2026-W30,NYC FLEET / DPRARSENAL#7,East Dr,New York,New York,Level 2,CPF25,2026-07-03,453.7,True
2026-07-22,2026-W30,NYC FLEET / DPRARSENAL#9,East Dr,New York,New York,Level 2,CPF50,2026-07-21,19.8,True
2026-07-22,2026-W30,NYC FLEET / DPRARSENAL-8,East Dr,New York,New York,Level 2,CPF25,2026-07-18,91.4,True
2026-07-22,2026-W30,NYC FLEET / DPRQNSSHOPS2A-B,8298 88th Pl,Flushing,New York,Level 2,CT4020-HD-GW,2026-07-15,158.8,True
2026-07-22,2026-W30,NYC FLEET / DEP_WARDTRLR116,116 4th Dr,New York,New York,Level 2,CT4020-HD-GW,,0.0,False
2026-07-22,2026-W30,NYC FLEET / DEP_WARDNEWADMN,104 B Rd,New York,New York,Level 2,CT4020-HD-GW,,0.0,False
2026-07-22,2026-W30,NYC FLEET / DSNY_BX06-3,800 E 176th St,The Bronx,New York,Level 2,CT4020-HD-GW,,0.0,False
2026-07-22,2026-W30,NYC FLEET / PROB_340BAYST,340 Bay St,Tompkinsville,New York,Level 2,CT4020-HD-GW,,0.0,False
2026-07-22,2026-W30,NYC FLEET / DPROCEANBR#1A-B,631-643 Father Capodanno Blvd,South Beach,New York,Level 2,CT4020-HD-GW,,0.0,False
2026-07-22,2026-W30,NYC FLEET / DPRBXFORST#6A-B,1831 Unionport Rd,East Bronx,New York,Level 2,CT4020-HD-GW,,0.0,False
2026-07-22,2026-W30,NYC FLEET / DPRBXFRST#10A-B,1831 UNIONPORT RD,BRONX,New York,Level 2,CT4020-HD-GW,,0.0,False
2026-07-22,2026-W30,NYC FLEET / DPRBXFORST#5A-B,1831 Unionport Rd,East Bronx,New York,Level 2,CT4020-HD-GW,,0.0,False
2026-07-22,2026-W30,NYC FLEET / DPRARSENAL#3,East Dr,New York,New York,Level 2,CPF25,2026-07-16,144.7,True
2026-07-22,2026-W30,NYC FLEET / DPRARSENAL#1,East Dr,New York,New York,Level 2,CPF25,2026-07-02,478.0,True
2026-07-22,2026-W30,NYC FLEET / DPR-CFQNS-1,97-77 Queens Boulevard Lower level garage,Queens,New York,Level 2,CPF50-L18,2026-07-09,311.4,True
2026-07-22,2026-W30,NYC FLEET / DPR-CFQNS-2,97-77 Queens Boulevard Lower level garage,Queens,New York,Level 2,CPF50-L18,2026-07-09,315.7,True
2026-07-22,2026-W30,NYC FLEET / DPR-CFQNS-3,97-77 Queens Boulevard Lower level garage,Queens,New York,Level 2,CPF50-L18,2026-07-09,312.0,True
2026-07-22,2026-W30,NYC FLEET / DPR-CFQNS-4,97-77 Queens Boulevard Lower level garage,Queens,New York,Level 2,CPF50-L18,2026-07-06,384.3,True
2026-07-22,2026-W30,NYC FLEET / DPR-CFQNS-5,97-77 Queens Boulevard Lower level garage,Queens,New York,Level 2,CPF50-L18,2026-07-20,45.7,True
2026-07-22,2026-W30,NYC FLEET / DPR-CFQNS-6,97-77 Queens Blvd,Queens,New York,Level 2,CPF50-L18,2026-07-20,45.7,True
2026-07-22,2026-W30,NYC FLEET / DPR-CFQNS-7,97-77 Queens Boulevard Lower level garage,Queens,New York,Level 2,CPF50-L18,2026-07-20,45.7,True
2026-07-22,2026-W30,NYC FLEET / DPR-CFQNS-7A,97-77 Queens Boulevard Lower level garage,Queens,New York,Level 2,CPF50-L18,2026-07-20,45.7,True
2026-07-22,2026-W30,NYC FLEET / DPR-CFQNS-8,97-77 Queens Boulevard Lower level garage,Queens,New York,Level 2,CPF50-L18,2026-07-20,45.7,True
2026-07-22,2026-W30,NYC FLEET / DPR-CFQNS-8A,97-77 Queens Boulevard Lower level garage,Queens,New York,Level 2,CPF50-L18,2026-07-20,45.7,True
2026-07-22,2026-W30,NYC FLEET / DPR-CFQNS-9,97-77 Queens Boulevard,Queens,New York,Level 2,CPF50-L18,,0.0,False
2026-07-22,2026-W30,NYC FLEET / DPR-CFQNS-10,97-77 Queens Boulevard Lower level garage,Queens,New York,Level 2,CPF50-L18,,0.0,False
2026-07-22,2026-W30,NYC FLEET / DPR-CFQNS-11,97-77 Queens Boulevard Lower level garage,Queens,New York,Level 2,CPF50-L18,2026-07-21,13.6,True
2026-07-22,2026-W30,NYC FLEET / DPR-CFQNS-28,97-77 Queens Boulevard,Queens,New York,Level 2,CPF50-L18,,0.0,False
2026-07-22,2026-W30,NYC FLEET / DPR-CFQNS-12,97-77 Queens Boulevard,Queens,New York,Level 2,CPF50-L18,2026-07-21,20.0,True
2026-07-22,2026-W30,NYC FLEET / DPR-CFQNS-13,97-77 Queens Boulevard,Queens,New York,Level 2,CPF50-L18,2026-07-21,20.0,True
2026-07-22,2026-W30,NYC FLEET / DPR-CFQNS-14,97-77 Queens Boulevard Lower level garage,Queens,New York,Level 2,CPF50-L18,,0.0,False
2026-07-22,2026-W30,NYC FLEET / DPR-CFQNS-15,97-77 Queens Boulevard Lower level garage,Queens,New York,Level 2,CPF50-L18,,0.0,False
2026-07-22,2026-W30,NYC FLEET / DPR-CFQNS-16,97-77 Queens Boulevard,Queens,New York,Level 2,CPF50-L18,,0.0,False
2026-07-22,2026-W30,NYC FLEET / DPR-CFQNS-17,97-77 Queens Boulevard,Queens,New York,Level 2,CPF50-L18,,0.0,False
2026-07-22,2026-W30,NYC FLEET / DPR-CFQNS-18,97-77 Queens Boulevard,Queens,New York,Level 2,CPF50-L18,,0.0,False
2026-07-22,2026-W30,NYC FLEET / DPR_B149_RBB-3,149 Rockaway Beach Boulevard,rockaway,New York,Level 2,CT4020-HD2-GW-LTE,,0.0,False
2026-07-22,2026-W30,NYC FLEET / DPR-CFQNS-24,97-77 Queens Boulevard,Queens,New York,Level 2,CPF50-L18,2026-07-15,157.3,True
2026-07-22,2026-W30,NYC FLEET / DPR-CFQNS-19,97-77 Queens Boulevard,Queens,New York,Level 2,CPF50-L18,,0.0,False
2026-07-22,2026-W30,NYC FLEET / NYCHA_QSIPRMG_2,90-20 170th Street,Jamaica,New York,Level 2,CT4020-HD-GW,,0.0,True
2026-07-22,2026-W30,NYC FLEET / FDNY_ENG13-1,253 Lafayette Street,New York,New York,Level 2,CT4020-HD2-GW-LTE,,0.0,False
2026-07-22,2026-W30,NYC FLEET / DPRLITCHFLD1A-B,95 Prospect Park West,Brooklyn,New York,Level 2,CT4020-HD-GW,,0.0,False
2026-07-22,2026-W30,NYC FLEET / DEP_LFRK117+118,58-17 Junction Blvd,Flushing,New York,Level 2,CT4020-HD-GW,,0.0,False
2026-07-22,2026-W30,NYC FLEET / NYCHA_MBMO_1,1980 Lexington Ave,New York,New York,Level 2,CT4010-HD-GW,2026-03-20,2965.7,True
2026-07-22,2026-W30,NYC FLEET / OEMHQCADMAN-3,165 Cadman Plaza E,Brooklyn,New York,Level 2,CT600-GW1-RFID,2019-03-19,64363.2,True
2026-07-22,2026-W30,NYC FLEET / OEMHQCADMAN-4,165 Cadman Plaza E,Brooklyn,New York,Level 2,CT600-GW1-RFID,2022-03-02,38474.9,True
2026-07-22,2026-W30,NYC FLEET / OEMHQCADMAN-2,165 Cadman Plaza E,Brooklyn,New York,Level 2,CT600-GW1-RFID,2022-03-02,38474.5,True
2026-07-22,2026-W30,NYC FLEET / OEMHQCADMAN-1,165 Cadman Plaza E,Brooklyn,New York,Level 2,CT600-GW1-RFID,2022-03-02,38474.4,True
2026-07-22,2026-W30,NYC FLEET / DPRBXFORST#9A-B,1831 UNIONPORT RD,BRONX,New York,Level 2,CT4020-HD-GW,,0.0,False
2026-07-22,2026-W30,NYC FLEET / DPRNMEADOW#1A-B,97th St Transverse,New York,New York,Level 2,CT4020-HD-GW,2023-09-19,24882.5,True
2026-07-22,2026-W30,NYC FLEET / DPRNMEADOW#2A-B,97th St Transverse,New York,New York,Level 2,CT4020-HD-GW,2023-09-19,24882.7,True
2026-07-22,2026-W30,NYC FLEET / DPRABRYAN-S2,3278 Middletown Rd,The Bronx,New York,Level 2,CT4010-HD-GW,,0.0,False
2026-07-22,2026-W30,NYC FLEET / DPR_VCP-S2,5901 Mosholu Ave,The Bronx,New York,Level 2,CT4010-HD-GW,2026-07-21,28.6,True
2026-07-22,2026-W30,NYC FLEET / DOE_JFKHS-S1,1-49 Teunissen Pl,Bronx,New York,Level 2,CT4010-HD-GW,,0.0,False
2026-07-22,2026-W30,NYC FLEET / DOEPETRIDES-S1,21 Safety City Blvd,Todt Hill,New York,Level 2,CT4010-HD-GW,,0.0,False
2026-07-22,2026-W30,NYC FLEET / OEMHQARC-S1,42 Red Cross Pl,Downtown Brooklyn,New York,Level 2,CT4010-HD-GW,2025-11-24,5746.0,True
2026-07-22,2026-W30,NYC FLEET / OEMHQARC-S2,42 Red Cross Pl,Downtown Brooklyn,New York,Level 2,CT4010-HD-GW,2026-07-21,26.1,True
2026-07-22,2026-W30,NYC FLEET / DEPQUEENSREP-S3,106-36 180th St,Queens,New York,Level 2,CT4010-HD-GW,,0.0,False
2026-07-22,2026-W30,NYC FLEET / NYPDBXTRAFFC-S2,4223 Third Ave,New York,New York,Level 2,CT4010-HD-GW,2021-09-13,42539.6,True
2026-07-22,2026-W30,NYC FLEET / DPRCUNINGHM-S2,Fresh Meadows Cunningham parking lot,Queens,New York,Level 2,CT4010-HD-GW,2026-07-20,42.9,True
2026-07-22,2026-W30,NYC FLEET / DOC_CHAPEL-S1,Hazen St,Queens,New York,Level 2,CT4010-HD-GW,,0.0,False
2026-07-22,2026-W30,NYC FLEET / DPR_CIG-S2,1521-1529 E 102nd St,New York,New York,Level 2,CT4010-HD-GW,2026-07-21,11.4,True
2026-07-22,2026-W30,NYC FLEET / DOTFLATLANDS-S1,928 E 76th St,Canarsie,New York,Level 2,CT4010-HD-GW,,0.0,False
2026-07-22,2026-W30,NYC FLEET / DOT_HARPER-S2,32-1 Harper St,Corona,New York,Level 2,CT4010-HD-GW,2026-06-23,688.1,True
2026-07-22,2026-W30,NYC FLEET / DPRCUNINGHM-S5,196-00 Union Tpke,Fresh Meadows,New York,Level 2,CT4010-HD2-GW-LTE,2026-07-21,12.6,True
2026-07-22,2026-W30,NYC FLEET / DOCCWOD3,Hillside Ave,Bronx,New York,Level 2,CT4020-HD-GW,,0.0,False
2026-07-22,2026-W30,NYC FLEET / DOCCMUTRAILER01,50 Construction Way CMU,Flushing,New York,Level 2,CT4020-HD-GW,,0.0,False
2026-07-22,2026-W30,NYC FLEET / DPRPARADE1-2,397 Coney Island Ave,Flatbush,New York,Level 2,CT4020-HD2-GW-LTE,2026-07-03,459.6,True
2026-07-22,2026-W30,NYC FLEET / DOCTRANSARSEN01,17 - 17 Hazen St Transportation,The Bronx,New York,Level 2,CT4020-HD-GW,2026-07-21,22.4,True
2026-07-22,2026-W30,NYC FLEET / DOCTRANSARSEN02,Hillside Ave Transportation,Bronx,New York,Level 2,CT4020-HD-GW,,0.0,False
2026-07-22,2026-W30,NYC FLEET / DOCCIBWESTFAC,West Facility CIB,Elmhurst,New York,Level 2,CT4020-HD-GW,2026-07-21,31.6,True
2026-07-22,2026-W30,NYC FLEET / DOC_HAZENLT2A-B,14- 14 Hazen St,The Bronx,New York,Level 2,CT4020-HD-GW,,0.0,False
2026-07-22,2026-W30,NYC FLEET / DOC_QNSCOURT,125-01 82nd Ave,Kew Gardens,New York,Level 2,CT4020-HD-GW,2023-01-19,30714.3,True
2026-07-22,2026-W30,NYC FLEET / DPRBXPEPNORTH-1,Westchester Av/Burr Av,Pelham Bay,New York,Level 2,CT4020-HD-GW,2026-06-05,1124.1,True
2026-07-22,2026-W30,NYC FLEET / DOC_CHAPEL-1,12-00 Hazen Street,East Elmhurst,New York,Level 2,CT4020-HD-GW,,0.0,False
2026-07-22,2026-W30,NYC FLEET / DOC_DIVISION-1,Hillside Ave,Bronx,New York,Level 2,CT4020-HD-GW,,0.0,False
2026-07-22,2026-W30,NYC FLEET / DSNY_BK15K-1,2501 Knapp St,Brooklyn,New York,Level 2,CT4020-HD-GW,,0.0,False
2026-07-22,2026-W30,NYC FLEET / DSNY_BXENF-WASH,1595 Washington Ave,The Bronx,New York,Level 2,CT4020-HD-GW,,0.0,False
2026-07-22,2026-W30,NYC FLEET / DPRRIVERSIDE-S2,NY-9A,New York,New York,Level 2,CT4010-HD-GW,2026-07-21,10.7,True
2026-07-22,2026-W30,NYC FLEET / DPRRIVERSIDE-S1,Hudson River Greenway,New York,New York,Level 2,CT4010-HD-GW,2026-06-20,767.9,True
2026-07-22,2026-W30,NYC FLEET / DPRSLTENNIS-S1,42 Revere St,Silver Lake,New York,Level 2,CT4010-HD-GW,2026-07-21,22.2,True
2026-07-22,2026-W30,NYC FLEET / OEMHQARC-S3,165 Cadman Plaza E,Brooklyn,New York,Level 2,CT4010-HD-GW,2026-07-21,14.2,True
2026-07-22,2026-W30,NYC FLEET / DOE_ELECBUS,231 Malta St,East New York,New York,Level 2,CT4020-HD-GW,2022-04-08,37573.2,True
2026-07-22,2026-W30,NYC FLEET / DPRROCKAWY86-S1,8601 Shore Front Pkwy,Rockaway Beach,New York,Level 2,CT4010-HD2-GW-LTE,,0.0,False
2026-07-22,2026-W30,NYC FLEET / DPRPRSPCTYARDS1,48 West Dr,Brooklyn,New York,Level 2,CT4010-HD-GW,2026-07-21,10.7,True
2026-07-22,2026-W30,NYC FLEET / DEPQUEENSREP-S4,106-36 180th Street,Jamaica,New York,Level 2,CT4010-HD-GW,2026-07-21,15.4,True
2026-07-22,2026-W30,NYC FLEET / DOE1230ZEREGAAV,1230 Zerega Ave,Bronx,New York,Level 2,CT2000-HD-GPRS1-CCR,2022-01-01,39914.4,True
2026-07-22,2026-W30,NYC FLEET / DOC_ETAYLOR-S,Rikers Is Br Appr,Flushing,New York,Level 2,CT4010-HD-GW,2026-07-07,355.7,True
2026-07-22,2026-W30,NYC FLEET / DOC_VBAIN-S,1 Halleck Street,Bronx,New York,Level 2,CT4010-HD-GW,2025-10-01,7058.7,True
2026-07-22,2026-W30,NYC FLEET / DPRPEPBURR-S1,2029 Burr Ave,Bronx,New York,Level 2,CT4010-HD-GW,2026-03-10,3222.8,True
2026-07-22,2026-W30,NYC FLEET / NYPDACADEMY-S4,130-30 28th Ave,Flushing,New York,Level 2,CT4010-HD2-GW-LTE,2025-09-04,7690.9,True
2026-07-22,2026-W30,NYC FLEET / DPRPEPBURR-S3,2029 Burr Ave,Middletown - Pelham Bay,New York,Level 2,CT4010-HD2-GW-LTE,2026-07-09,319.2,True
2026-07-22,2026-W30,NYC FLEET / DPR_VC-GAR-S2,5788 Broadway,North Riverdale,New York,Level 2,CT4010-HD-GW,2024-03-11,20705.3,True
2026-07-22,2026-W30,NYC FLEET / DPRMBLOT8-S1,Father Capodanno Blvd,Midland Beach,New York,Level 2,CT4010-HD-GW,,0.0,False
2026-07-22,2026-W30,NYC FLEET / DPRCUNINGHM-S1,Fresh Meadows Cunningham parking lot,Queens,New York,Level 2,CT4010-HD-GW,2026-07-19,59.3,True
2026-07-22,2026-W30,NYC FLEET / DPR_VCP-S1,189 Van Cortlandt Ave W Major Deegan Expy,The Bronx,New York,Level 2,CT4010-HD-GW,,0.0,False
2026-07-22,2026-W30,NYC FLEET / DOC_HAZENLOT-S1,Hazen St,Rikers Island,New York,Level 2,CT4010-HD-GW,2026-07-21,29.4,True
2026-07-22,2026-W30,NYC FLEET / OEMHQARC-S4,165 Cadman Plaza E,Brooklyn,New York,Level 2,CT4010-HD-GW,2026-07-20,37.5,True
2026-07-22,2026-W30,NYC FLEET / NYCHA 23ASH1A B,23 Ash St,Greenpoint,New York,Level 2,CT4020-HD-GW,2026-05-19,1522.9,True
2026-07-22,2026-W30,NYC FLEET / OEMHQCADMAN-6,165 Cadman Plaza E,Brooklyn,New York,Level 2,CT600-GW1-RFID-ZIG,2022-03-02,38474.8,True
